population_density,industrial_zones,public_transport,renewable_investment,carbon_footprint,green_space_coverage,renewable_energy_usage
202,17,50,14,18.635475225145452,11.039787039554149,30.64495566629488
535,29,74,16,15.887315221313198,10.634875307459772,43.406379456069004
960,14,57,39,13.753299079196019,18.466702883063952,36.916787631662075
370,26,86,17,12.857835555258703,11.691307561944758,27.83487297532581
206,33,25,54,12.032230910860873,22.136939110802782,40.848593580291436
171,37,97,72,17.617981913776973,27.61946011279315,37.0217283246822
800,32,45,24,13.86540506823028,27.658296330374444,43.88730828369162
120,23,97,58,15.112754622007511,23.18090820264465,42.0507555856947
714,14,28,77,14.923254800011819,14.22463662945862,38.30323766108704
221,29,3,88,15.772790292331312,27.259936627177442,34.645330259324425
566,41,80,21,18.655771456245525,27.721868706264164,23.9954637700257
314,16,98,29,19.807393435834292,13.933071699059173,27.839990536561512
430,4,12,83,14.07584208573817,24.748521715413546,32.57298418751256
558,28,38,84,18.27518922106303,15.73039097854246,37.97897861019166
187,3,14,43,17.645277946547175,26.052806247058594,35.41123565645914
472,9,28,31,15.735289514555733,29.944757998072053,28.645535778785884
199,16,28,50,19.56047143611933,10.600520106587856,20.193930733691317
971,9,74,45,12.004745155284027,27.947317315818637,34.88717665702442
763,16,31,20,11.092642103096214,22.45261067197316,28.568779656867292
230,19,1,98,18.53961966955422,29.467652383296425,42.03824902131605
761,23,46,31,14.391498166337483,19.300190350528553,20.718387958114505
408,4,77,93,18.469688542070607,26.947758611427474,37.544834339173725
869,33,83,38,18.93090205195415,11.247881371965544,48.244227125181965
443,5,21,11,10.624575936190714,16.705581001565914,25.232278013344985
591,1,74,46,18.834647629860605,11.3403307550242,34.14948472251786
513,12,26,17,14.483190553694222,29.50686266958141,22.742659754514143
905,42,66,20,15.104324890042323,26.339478145436736,38.77045736784058
485,42,80,12,16.265925110932102,27.05094842491941,36.51595041788677
291,47,55,20,19.26382606730087,28.759304628677885,32.22096572638497
376,10,91,7,10.191160944297641,11.702069722395708,35.64131064421224
260,46,92,45,14.768434683178171,17.711951850266665,46.897239754070306
559,22,20,6,16.877220424305605,11.420697780880042,25.88882906933201
413,15,46,22,17.227069576982284,14.215862031000572,20.676935351160417
121,30,79,95,16.92532431537108,14.587315540753448,45.84994654097303
352,10,58,74,11.344351294081218,19.382144220951574,37.313512471637196
847,15,83,85,12.993955883716811,15.371243349072852,46.71975366385527
956,7,5,21,13.587155254170135,12.019562136355223,37.90835670239518
660,3,18,88,18.04437207679505,13.349821781882154,44.304832698791074
574,39,56,21,12.78759872414553,12.945511271041818,32.890200900654435
158,3,68,91,12.10704963867203,29.461535958245967,42.49579793864807
610,24,2,28,19.57448019038096,25.185850138369474,47.39124400669568
781,2,0,12,10.088632851134689,29.35522930539124,37.163688911666185
575,31,57,81,19.97820855681978,18.79480973015817,25.423554516871384
799,2,37,1,16.768212988573957,15.567369633253133,28.063928450905944
882,26,14,28,18.28469299449117,25.965863944183734,25.959337306922173
289,28,33,84,12.946193963461932,16.525078360822935,27.405710827871985
786,31,60,78,10.1431527766706,15.987667474106965,29.19246348053109
662,49,34,51,17.3786951856153,14.650119844156624,36.654013602595654
975,18,63,26,18.34144597000676,12.593579564484706,37.63974888391498
666,20,24,49,17.40476131953519,15.12926122033532,32.794992417255834
343,4,23,94,11.428502873008386,17.106394969477755,38.46262339462506
931,17,11,78,17.53427922256969,23.47988416291461,22.44724776834098
604,27,17,22,17.689227821076408,11.251296844389032,22.6336471117448
230,41,14,87,16.58540515670055,14.210138793306859,25.154883810729753
584,21,79,43,17.66115932795586,26.180472805833528,35.54232494121034
918,20,26,76,18.45921439677732,12.938438471675415,26.419840360949408
746,5,71,21,16.136041142374584,16.85290293045043,28.49853210477732
120,0,59,42,10.88604713969679,27.2931784371628,32.00938508518982
940,4,45,36,14.87627809667211,13.098506222868853,44.3559837203114
266,40,88,60,10.77649334671605,11.654736712363798,20.415864077385805
373,11,16,96,14.075430310324307,19.690759901600217,39.48136460709867
487,25,92,55,14.071064891256277,16.048390225570728,40.06629593122056
700,45,52,2,10.660098441402416,21.26816728967708,43.9596734106991
415,33,7,62,13.488205339694794,26.076097809669502,47.9825881718094
113,48,78,18,11.109980987913149,12.742969763054862,20.604135468478695
341,13,26,22,18.082352100092223,21.613981691085698,24.613511165396485
876,25,45,28,19.47688025964471,20.110175207797276,46.58513882167979
445,44,49,29,10.723164752579386,12.881575720263992,33.75555686561046
664,26,70,38,19.551152072917013,22.47996971057965,36.93771916800391
997,8,2,24,15.225765993367451,15.472808357215433,39.89081611169442
439,25,92,7,12.995656779538738,19.75668637088025,40.371998134869116
191,46,63,57,10.768620752761635,11.645446485541237,47.95221209949524
466,21,43,15,15.006242680704178,19.19168114427246,49.908482522350084
554,46,52,71,17.945155444907485,16.129269360856405,41.60472382792821
527,29,23,0,17.07086477266698,26.447624223707088,28.616636276154523
608,42,59,4,10.502260114639737,11.139574539947365,46.392572068830304
875,47,2,2,10.729018353679034,18.3721454983666,21.47662743622285
134,16,19,64,14.02873282632637,19.168628482628762,26.932425586234885
305,25,45,3,12.952904940479433,24.500121525982372,46.921571523911446
180,35,14,98,12.323843230560477,21.48575150180422,27.68574543318065
661,0,24,95,12.810044989087135,23.344246743883623,26.619531788652452
971,7,93,63,18.034827432968846,25.540985713035123,24.143758794207418
487,48,77,97,19.29228053631854,27.244059473163777,45.77335272940749
101,34,70,88,14.051026945275664,16.277509934449412,35.0017477757326
489,14,16,9,19.06111002132497,20.760454107278058,40.246796091624645
665,46,83,20,13.21495701247882,26.802161568783998,27.17199152225089
205,21,99,45,14.764369863437917,29.78902261930113,42.74121263033649
871,13,8,90,12.260289978159998,27.790386220875263,42.80016634886296
921,25,37,26,16.40476042175844,17.429345252487536,29.377940747249006
576,27,47,65,19.78981115174809,13.903330344373009,32.32047899030849
802,22,59,40,16.034930960433787,19.787850748131774,26.290708322906028
501,13,62,12,13.57814084113549,24.832829036720845,49.29683069968713
829,23,85,8,16.478174459905283,19.85138141506595,39.368077311752344
655,1,1,35,11.229206784653876,19.66361726627337,48.036316421465465
261,44,87,85,18.886590802653984,26.764608421636012,29.101566308873995
301,25,71,89,15.030839507798364,17.228075581343727,43.45672738990669
369,13,10,57,14.49349742039642,27.195893496232912,42.97575931654226
962,6,63,53,15.858647884535191,18.136096019034472,40.74966955599625
915,2,76,11,16.247838627894026,16.56466211356679,48.969169258004015
370,46,80,80,10.71775806226513,19.07979822399398,31.806660083189467
555,22,71,77,16.826172212234024,25.24893917349737,23.921519707692717
561,45,20,13,12.419316803155295,12.520040557279886,40.151265777321825
826,42,17,33,17.139526325065898,13.928384317440347,41.87929401431619
351,46,93,52,18.225347943841967,29.028896513261838,37.25181720376444
801,44,63,19,18.039585075525203,13.509832547627148,26.20453679400189
395,17,81,74,15.525009674078891,21.354546358621093,35.13367825008066
824,37,94,15,15.20169892310751,21.586289333238756,29.365692097073882
819,34,37,94,11.428759613394117,19.792489241004894,32.823995845000674
848,14,31,69,17.753461504031357,22.89490497153637,39.35655727533992
437,24,10,55,12.714093804467144,14.596534515952369,42.356442280725034
978,36,44,82,14.966954228179466,21.053245355534962,26.966740727040293
152,27,88,57,12.842740929275166,17.443465104937943,32.1597608194086
891,9,32,3,11.338283629996932,23.23334519258378,28.074847129748875
316,38,40,3,16.295576968917366,12.824470867462988,25.958948415856074
863,16,7,19,10.543320348229038,21.417548336789523,43.50161659987515
287,38,10,9,17.486452341262,13.705407107666474,47.27758083310977
479,21,85,23,13.175867952611167,15.572861262300728,31.1069655705373
592,25,50,98,10.001346930044853,14.374196006471664,42.53836773121301
140,43,87,25,15.111291392372298,13.656755597376343,46.90985868093233
256,24,40,36,10.468519085276032,26.51421903121334,45.38372631590695
114,16,16,84,12.761695578208995,15.714151353217806,25.48440165617678
912,12,75,53,17.069764874557162,28.542475637288987,48.68875644540084
164,19,45,20,10.62689621621866,29.398530506903818,31.300293212883872
956,24,31,73,18.393384923560024,21.42520939874195,30.17721983521509
938,3,78,37,10.038199226585832,12.860022453314528,21.87293981833341
620,9,79,45,12.468238692019023,17.490964867591625,34.58520962314649
443,2,53,3,17.409040561520715,25.95464526696428,23.27040846922786
228,40,85,59,13.162701497293067,17.34781457394141,27.45619462782278
747,44,91,56,11.018923880660136,11.740344366055774,29.508278653018444
571,17,19,44,13.60233918800428,21.13569821856376,44.26478970475052
162,46,32,19,12.703932863845255,26.902417029920695,46.2646595118769
238,35,73,16,18.42711902160555,25.918527742870047,29.07398952384409
598,46,39,70,13.13347917585143,13.502462802607065,45.76094363733722
692,21,31,3,17.889324717760072,23.455292288249332,45.71692812109373
491,33,96,92,18.91872144810735,14.410085268712942,42.93952851154621
774,46,1,13,14.338174195765294,14.364150691043445,24.400853420455448
518,7,96,2,19.09943143854392,27.481435466103704,40.709685407021865
388,39,32,87,13.773180539631928,14.993379054804603,48.35072193741706
478,48,76,79,19.64078416490108,15.264946930360225,40.47621436301471
872,43,29,57,10.89289524525573,10.013067815225991,29.948505473235016
589,18,32,54,16.870192665032427,27.413380682510354,35.01737952292494
330,41,76,3,14.938140404569287,25.851896264182695,39.37175130053161
140,40,25,23,13.876488054556471,22.54657870181356,35.31711226185511
127,36,21,33,16.327118787486008,25.005315278776845,23.598588251929094
234,5,65,29,17.03857091634331,13.040971348489837,29.36192133956062
300,25,37,81,10.04363269650309,19.16647189175151,44.071880916608976
939,33,89,18,11.669530887471987,17.02438774697562,45.84254138286552
879,44,45,30,17.130460506343187,11.87553052514033,24.119000981467106
132,5,14,59,16.663854135782064,19.72260970429848,48.57160257196173
147,36,97,59,19.660475051286774,28.414793006852708,29.86467853545828
602,32,43,18,17.610377902507828,10.80118238101389,39.8694121619216
506,21,48,48,19.50772707731338,15.829218269875877,42.55475437870044
673,20,74,62,17.02540501534807,14.15081872411407,44.3583870391365
827,5,60,82,12.980522086394432,14.762933073313926,48.372491066777904
904,5,66,21,11.053649222508565,28.168691037587507,29.38758644086468
198,47,5,23,17.818238633449354,19.361381084685803,45.755193636546636
783,3,8,75,16.44149221475916,19.325988258796375,23.950607103086213
971,29,5,29,10.481860123932963,25.211512849105645,41.151227190607784
825,10,72,57,13.600504659009783,13.089844080098516,42.25933188541958
646,29,94,30,19.56799815484286,19.745307082001016,40.331697236039616
838,30,31,99,15.004011457102013,18.599704282421193,27.56944208405459
712,23,40,63,14.327291360197046,21.93821381093312,46.1912944104561
561,8,75,18,14.576996051592939,29.99115406500877,25.06575390111185
742,2,7,47,12.088827240051637,25.38897788164094,21.609043745624923
868,30,71,44,13.687071708647952,17.957314060348544,41.523949718357365
104,39,49,99,13.698132559871766,26.55106104548094,34.26427145698201
317,36,91,93,10.523550201874723,13.414167266249603,45.47294059876028
602,35,61,54,17.675676285179183,10.609273726179202,31.50191423174777
866,23,83,54,14.16504431903879,14.08896744928546,25.048357655231385
497,30,61,96,18.221798868164235,16.808231122285193,45.093265774096096
970,5,6,17,18.503480011198953,20.211615149191196,36.46728894920215
894,1,74,62,12.11994054698658,22.302582810823996,25.67587377171065
492,19,83,91,16.573534821701287,28.212114344288434,41.61151995759337
306,27,79,46,14.722818041629818,20.197080191009153,35.333409154685015
114,10,3,74,18.801567379214852,20.025512892514588,38.12938946720959
957,3,5,56,12.15740679176454,11.004860196459642,33.826950146197454
653,14,57,44,16.778132003100442,10.698231053124477,44.86126951454019
991,5,21,32,16.077521222527224,21.023199238327443,44.886881470491495
560,48,25,16,12.953014775718328,18.76357226496689,41.281664654731586
790,29,2,69,11.366009036511727,26.783607899605972,23.162041321893867
674,37,40,3,16.516397604772767,13.213591694236904,45.16561585712206
963,1,59,19,17.385974581323307,10.499433242340992,40.130389415987295
842,14,13,46,13.1562734376335,18.980775358602518,40.91072498012899
340,10,74,90,16.448326040223137,14.74957113504515,30.88948521211615
663,7,81,14,13.951309076115033,10.992287466776748,46.3783866847102
195,25,11,69,17.132068832826178,24.49196573695258,41.76114800704572
999,44,86,46,11.992152748940532,12.23185999914495,23.377713995875833
833,43,11,77,18.902150026361745,22.166390000155435,32.23334103218488
584,4,12,74,12.874095964655798,15.620995003337782,46.59141085880425
506,5,24,8,13.677859877561529,13.46992100710044,21.41590105092137
330,25,44,89,10.580919520803498,17.595030458386347,48.84249858926148
848,3,18,15,11.115122123212764,26.028915524459073,40.374877049586885
754,18,54,68,15.158619027123281,17.841871538091453,38.941279329301295
270,19,99,60,12.675926767279716,25.015392984221116,28.116777694639744
640,32,44,9,18.354802257421944,12.509725935983013,27.463753662175314
135,19,7,49,10.146933886549538,25.45542839330158,48.261746584657864
624,48,92,2,13.79094048671936,14.738666498132973,28.94817362702368
259,11,52,76,13.373455467690928,23.547862597777456,43.26515890156998
938,46,54,93,10.19327630917601,21.315631096819928,31.793653946212373
798,0,31,69,11.243683990005103,28.582894344233747,24.17762212354112
342,25,50,80,14.136426749186352,17.74645035950628,20.321458930860768
185,13,43,50,14.928645844474467,11.323303776688808,36.32772011045752
895,37,81,18,14.042897472548692,10.383109711025059,49.27336455646798
677,36,69,41,15.30937678412094,26.53717121945506,31.074085814276135
781,10,17,34,15.951316749056815,20.494712753228644,30.715770019791343
656,35,82,45,10.099238211278356,25.504881036698986,30.322748535483264
673,12,21,25,14.64095159453504,14.688512000230293,35.61631511914575
745,42,36,68,19.63499240887588,16.901674910264674,33.2199465027288
895,2,95,92,15.190322801295487,10.602077444226378,46.39743880181044
127,32,55,63,16.77542267458953,29.229846491482242,35.16562375170471
719,5,58,36,13.118638579168831,23.357358134016266,35.23273514565706
655,49,2,83,17.739913781527626,28.664101755186124,24.151147841616698
439,9,27,48,17.72921481876115,15.309928148581447,49.48218622731158
897,4,73,20,15.21296047654139,22.229272224513217,27.49918672606489
430,22,34,73,19.760138232792137,23.569999365852755,22.20092202378808
739,9,60,63,11.255502147626533,16.35099400515177,39.89438746925626
605,43,92,4,10.16947664889581,26.9621847003126,37.86099110470618
447,1,53,99,17.701582117570958,28.943229258004955,32.45436961978237
572,12,62,69,18.071555373648827,27.697102353920087,32.66576701642034
330,39,78,89,11.202072291205763,24.78133951878745,43.55191763139294
289,1,96,3,12.655828329586061,15.54929359449908,25.871379202989473
324,19,6,38,10.17552363366629,15.632320842112634,44.60759956834669
484,0,75,34,12.933086107805646,29.267206408920757,39.462413416850545
476,36,48,0,17.731418739186715,10.20568991871384,32.56909321338573
382,8,93,23,15.17960527712579,24.32099946484289,33.74085849751606
732,16,84,56,13.480955931682882,24.124923251105244,27.699416215582872
727,8,30,99,13.717392949063303,22.453790818995948,42.56342998090925
844,10,57,69,10.013536257154682,29.802176921737317,35.38624226915803
358,14,60,40,12.998005275652359,16.237588715274505,29.625636282495307
458,23,23,53,16.464587416379306,16.799437275864964,37.881503472828506
809,37,19,45,19.74194443816357,11.57878805893111,49.872033561539695
555,34,36,59,18.470608269838994,18.85596273087475,33.057868389696615
510,29,3,59,10.23594964645529,15.220970524696963,47.62074202335859
748,30,91,56,18.985606046748394,16.867734043552886,30.350505197736982
417,48,19,30,17.83198413298626,26.691435805112555,21.641981207749577
776,4,59,83,17.803761235709803,28.709690270549913,26.127263191052865
324,43,23,23,14.579957590035715,13.714661440103713,32.560854299830524
918,49,49,88,13.980052929545028,17.450178631069317,26.58904785783707
333,13,48,35,13.029157288331927,28.572611242307882,20.006811146547665
783,10,50,84,10.656948589543658,11.236169213784454,47.45004613242582
763,8,95,29,12.28235363493699,11.84721056222757,45.31638233692787
926,33,35,23,12.466036349780246,13.255819784124586,42.268766944608416
473,11,97,29,14.840770697102016,21.904256682537493,25.03443786938086
771,34,99,85,17.47444406596694,13.009445420119949,23.610907286299582
707,34,65,91,14.738098283979467,29.36152762901467,22.028142484171497
571,0,78,6,10.578444494471606,18.934290545170406,41.72087566318764
332,39,33,34,19.57789800988204,20.03035920700333,47.86423882063656
791,21,35,54,19.427243190941123,14.93317231610813,32.91607462739111
212,28,5,91,17.851895431484085,19.41920504869467,23.574220159881445
929,7,38,13,19.913279015642203,23.23827265274023,35.3717846219632
596,10,41,9,15.444823328002629,25.023542739080856,30.464957223758905
541,40,57,79,19.62768350253206,25.07736165419826,31.24474773049993
663,36,11,15,10.756050406167507,21.557822253881767,38.63991872467122
367,13,2,53,13.656807482613713,28.087195499877144,41.561543397866075
609,29,17,94,12.253812680067657,26.348156946122188,23.318107966194827
906,34,39,88,11.9583308413427,25.140962293972507,21.06770692419429
485,20,20,76,11.408029488926761,11.112110433609212,49.82990908057145
486,36,14,69,16.224136415659967,10.137559244392985,26.981850467466554
212,4,96,43,17.81321855747305,14.248945543909459,21.61491574725377
712,18,98,72,15.782983994203606,23.270471878269046,25.696259872877597
724,13,25,44,11.469627095882096,18.223949777650915,21.168735390453925
180,25,7,99,18.11123769933471,18.048125185986237,31.754326838515148
798,3,99,55,16.359547071637284,27.691737764592276,44.07205353353973
212,24,93,83,13.881657061269955,27.911256962636774,30.23733349273162
101,44,86,81,16.74130295536063,28.183505281071714,33.325502206351
741,41,41,56,12.599049792428328,16.277561530300545,40.267603207023164
319,24,43,20,13.451922084942105,23.821116254785235,35.266822102096405
665,17,13,67,19.174858431319905,15.432663625487393,45.84337058063973
954,39,77,49,12.905045056714204,13.812196661488995,45.9810702513727
835,7,1,32,14.699882681579366,13.692649146947385,20.29732086473461
324,38,36,90,18.901411373960144,16.84215241727188,43.341389194495974
484,39,68,6,17.077213502675274,18.599152395596434,33.82200800725022
502,13,37,69,10.622032261647028,26.61898342110137,49.665216239109895
737,31,40,14,11.473030442789703,12.397821869454242,34.496962276263055
229,37,61,81,10.078415907719169,24.698516947897886,49.606878361648924
152,32,59,31,16.309217902291635,20.629098283786107,42.637080836172096
783,22,13,74,14.476734254104183,15.75890685351985,27.45814653839919
829,14,88,19,11.342748509022755,19.856391690656494,36.15184937860873
771,32,83,87,19.579341210567705,15.998841395540452,49.76406918435748
809,24,1,14,15.296597239456199,21.921639104766122,45.72591823255771
515,16,69,47,12.418932941128892,18.676878457104884,22.921006813736632
346,32,16,70,15.006035711547074,13.288110581577575,41.19115990429988
935,46,88,20,16.79620332735108,12.331661491113934,30.367387576124393
538,1,27,41,10.762392179735645,20.9339136414426,20.209467856410445
302,13,65,25,12.74703815047892,28.04826066572207,32.104429070809985
283,39,34,13,18.069654908839937,16.87915373115371,27.042632651749138
222,39,4,56,14.596648704026613,24.660002144452463,44.56607811561415
500,38,64,36,15.465771420322948,23.173227098795337,30.119918265372966
866,5,39,57,14.328160022094693,28.63109828618962,44.82571081861451
393,5,75,20,10.438999426430051,26.419620345982818,20.01793816504386
379,2,55,81,11.65749779820156,21.33210517810926,29.234574500783573
936,6,35,68,14.455416387418909,23.140609964682145,27.23495642923286
983,7,44,2,12.091854654079278,27.967729331680697,27.00702083205833
709,41,22,86,10.499790286596788,17.990375691738695,22.04559859296388
297,14,46,89,18.436496640518236,16.535894117155546,25.61372811231505
610,46,30,36,19.81192529164116,10.216221672703927,36.666487096568595
851,28,10,87,17.931428739967394,26.531021483829285,28.740832185132334
243,32,9,48,18.53784921704667,26.019614008067297,32.52184346987444
708,29,66,18,12.419771303170453,12.089090362003027,31.306006410415655
300,38,13,88,19.606269755131997,21.537147622654004,46.27714774999684
223,26,79,84,11.969257044534285,19.279633963337748,47.15896997031547
286,35,73,11,19.514298103618323,12.37418191018223,34.7887091496758
425,28,92,60,19.94819293965951,29.61136454121447,29.904678509468134
563,37,9,40,17.117228057460487,14.29391774926711,23.20402112007091
448,32,75,32,19.81143731791822,11.344683601811223,48.602086381462854
870,36,93,49,15.695397795671036,21.89694759003819,21.806808347008925
759,26,0,67,12.595417831760903,24.777333542660653,28.929508327048413
863,32,4,70,14.369958856656208,10.64886892094374,28.941986035100125
502,3,19,85,15.93560935378786,23.174352774540445,29.612038584206445
445,21,7,32,10.73081562027015,20.645837519029087,24.92860529817228
610,1,42,80,16.223432646172462,12.06530017750097,43.49484292771092
246,9,75,23,19.811778367622946,13.450477538927242,23.674935858979676
247,4,0,60,11.901076497837277,21.359485946321612,39.04719977459489
963,9,56,60,17.925951162883834,15.927152270265768,23.715380801174526
810,32,63,97,19.078987937796192,28.76631457302632,22.1160691277887
919,37,83,27,19.437015928202207,26.374804589681016,47.282885110576295
588,12,27,57,19.601356044054473,29.671344130273262,25.70386298956117
739,30,36,42,15.21459638721472,15.19341677900828,44.63750463679113
650,46,46,40,19.773079079915036,29.39447265595954,36.33892613321407
437,35,75,38,17.573102071344387,18.624677395831156,22.33569558826309
971,44,36,85,11.616714362369619,16.95037590627509,48.66344574314202
740,23,48,48,14.7690010646797,11.006990539387065,27.408835009756775
878,14,43,16,17.18331175372004,11.055305157192052,45.78936036057819
572,28,55,97,12.473403158190834,23.840225118933095,25.064300173536925
250,7,27,69,16.406151835488874,19.158579888680556,45.61828646425559
514,4,78,69,16.666004790466193,14.530432520722114,20.39686438715882
397,28,5,97,11.62699743808566,22.279406126504654,35.35341369708442
710,46,60,64,15.650853124527563,15.057162365002224,43.0832773826467
362,3,19,73,17.716269109786076,21.55263508688845,48.0438655247835
863,11,77,84,14.98895664535942,17.184174939653808,47.27606408619461
243,44,1,4,10.121031167761075,26.47104453223638,44.588746086429346
445,1,72,1,10.090384690792922,26.413923215335586,46.64574048983913
723,26,36,21,13.570293439700123,19.547007962448028,25.976590575112297
671,30,19,56,19.26194068431782,17.016382186700312,28.525528871351863
980,35,25,65,12.286767796036088,17.25119593118189,28.669055747631756
101,35,28,73,16.343636888716873,26.11429051336436,31.311617930050964
996,25,0,97,12.220758706933205,16.563589655952242,31.79962011155566
403,42,34,15,13.216699896595486,14.18118747413692,36.33665973964027
353,26,69,50,18.48042089601484,11.693766837506136,24.79639290099324
751,4,58,38,17.288614422699467,19.333862417688167,40.73739991357968
552,19,68,85,10.953992773132107,19.64264197839684,25.026996179135196
136,10,32,75,14.287020209864336,26.818174208058142,29.309254463136426
259,9,50,87,10.291697636452644,14.42477392892128,35.100353918184624
108,39,77,39,14.80890146603009,17.619825473367996,43.893216845704316
332,37,11,37,16.624340117010682,26.168114777873818,42.18407699716182
198,5,19,59,11.185026235981516,26.47247221497947,39.36603069231567
758,7,52,58,12.888849389091657,17.692221519575362,24.673197817405104
915,22,87,9,13.97836625502157,19.18248046573362,36.41136036846733
307,46,42,98,19.195310246560496,16.06571781698566,22.623395053996564
230,25,97,63,19.932550154229638,28.65109756838624,31.320895303899523
503,45,88,62,10.44911298995616,12.372875314831607,32.405495908698775
251,42,49,48,17.610079234953922,28.6749884600294,21.194343183372617
153,11,28,63,13.717240664023432,23.677329036706865,28.219642984099153
219,25,56,31,13.9245818622948,20.631443053734625,48.66948401799468
772,12,38,6,17.542649733470228,10.653181215689917,48.608978234890685
727,39,94,20,19.184264321454087,19.511923836440168,30.56981162757618
686,17,55,19,19.509285945025482,18.154962100054647,21.293003268449723
724,24,42,25,15.771225860383208,13.224376239502451,25.372848179845448
519,32,49,67,13.571211593005028,23.12819207001314,31.766533803006205
521,46,22,85,17.875490858587792,29.423018147365717,48.433390939076894
203,39,43,14,12.510013832623002,21.243776221290503,24.235971906115548
951,42,37,84,15.640740288335177,24.295065528878915,42.90547531004637
353,11,83,78,13.58578461524873,11.369009051320337,23.26047618124076
326,43,22,85,16.566310737078762,18.353339916339895,49.43772732173831
211,35,44,91,12.40398912893507,12.327169703289918,31.44849497327405
609,47,51,13,11.915929457348257,22.255916710730208,43.25703616697168
572,3,79,26,19.18239086675437,28.769643164283092,30.277732484333953
198,4,49,39,11.018036829495369,23.23555464943277,38.83006631476426
252,36,7,57,15.059579077349316,11.536060966288431,25.760482542201103
960,7,84,27,12.20852782963009,17.093324099701658,24.380630578908878
995,41,0,25,10.389299633256675,21.01326758881703,48.14192418704394
977,48,7,62,10.360188182914264,18.064155122665042,47.529418337133
437,27,28,65,11.752217721058273,26.672880209503447,46.62406820638647
805,30,95,24,18.66770354506,26.293420094199785,38.763003504997805
921,8,4,2,12.824787439770267,22.23662040206443,44.24804633648834
262,28,85,71,19.504591705752958,17.469158902654105,22.071108107341246
819,13,46,43,15.816222929891936,15.106727475264883,30.043671256720373
780,39,33,96,14.366141897687662,12.117486364262586,29.411093742714687
260,40,64,41,15.800888346694546,17.09795366973108,39.0693596585784
679,21,54,98,15.166983852262678,18.263450344154393,30.678733204119215
900,10,89,5,17.58776253757325,23.51645850208147,24.455203449310424
497,22,42,38,12.824960659728522,23.16319648595147,37.89401226240631
376,0,73,51,13.530503916003024,11.40216279282514,44.43151762007244
915,45,29,22,18.94094302533251,17.905186308623158,31.463704833799195
603,36,81,88,19.464565131504052,13.635577344347238,23.96806145295445
995,20,16,49,18.925582274864745,13.136254106336114,25.900645919384694
491,25,25,42,14.194479939573135,26.54604299474492,27.12449915508152
234,45,7,18,17.803655030068818,10.838304334325152,28.996927789836086
294,35,46,68,14.763357333010987,18.383657518042426,39.283852115189276
500,22,75,50,14.975398521461022,13.364073115330363,38.02836453613157
739,0,90,10,12.046801090572838,27.58660431356948,40.882395847011175
132,39,71,11,15.911303032585165,21.140810265500704,30.875059535945397
787,14,88,73,11.86135897753348,14.62761272753696,44.71992955639935
559,20,45,7,13.315646990671937,20.04854574332753,26.122629834672807
982,46,67,23,18.550302016199353,24.629727194062315,34.07122242554462
569,8,32,91,12.070758092108552,29.162360178388674,44.02816164624291
474,8,0,40,10.711582851734327,14.40892008490838,25.404759431978576
121,9,18,35,10.690075926128163,27.723635442586904,23.29589341222349
849,25,30,84,19.40784520503108,28.686082283349805,46.51051903063969
769,40,79,71,15.069204379618347,28.328410890641326,30.28788988277588
137,34,13,54,14.094120718170183,22.708287137238194,40.51610374727096
329,24,52,8,18.108785810079183,22.596413088694156,20.760458127918156
464,25,47,46,18.358259279105162,18.064212663676457,40.70140665228349
662,10,68,14,13.321910331156046,25.04795764607576,29.483039346409115
537,37,89,47,16.936180574737953,20.625880367018638,21.672225607623254
875,1,61,81,17.711228158518864,23.54876142456589,38.29438284644351
382,6,91,41,16.546506868659545,18.56915807697591,27.224114482195198
126,17,65,59,11.515950748000993,24.629929280862783,31.6042172615564
325,26,63,83,18.75883083517057,26.48943035209098,22.41742436859541
376,33,69,69,15.390945527360087,12.928725132056321,24.41489753284836
897,26,62,11,12.824724263700038,26.65859431148456,28.93931706487531
708,16,72,1,14.252281854376939,20.805930635806146,22.692785016804713
383,42,32,6,10.375710903989074,26.893318181804485,47.32478794058946
978,43,40,79,11.278668012224175,18.626034126820294,20.181411295519354
580,23,88,2,17.655467505158608,17.5808097076607,34.51580656592934
552,24,47,2,10.00011634755366,28.30121465034445,23.697423743976543
928,6,12,26,14.165658284822921,15.023385350968026,29.230372684338455
915,5,72,39,15.225101810855884,26.884246505722864,47.78178679454797
758,23,76,32,10.546344200009724,19.680411450188082,24.850836598219605
615,32,30,91,19.730781629723328,20.281908851025193,48.97496959154998
646,48,74,0,12.26125331249672,16.16936562978968,26.17383130968265
291,28,67,7,13.041987196362808,21.460844012380313,42.24698325400489
148,42,97,31,13.039425122550274,16.504223925524226,36.40031794691935
611,21,3,47,12.304166621173499,10.785388284833047,46.53436182790277
116,25,18,3,10.014738220863114,15.43997210688712,36.61979766509393
271,27,69,93,17.293447940879965,10.127580868131814,36.036776574689256
319,49,97,69,19.668454997992853,29.567095741137134,25.863740011051995
257,20,81,18,12.242934832850452,29.31494419639495,24.98688086154976
576,48,12,31,16.630471918034225,17.9031059494461,47.49467453346543
145,6,22,8,17.418963269587152,24.567417086792922,29.83514596550102
472,16,82,11,18.48425379090525,16.9161219682085,31.162467648886878
617,19,74,10,14.226291970136092,23.42186314171952,42.79470975285165
198,40,0,45,13.029309056404292,26.10860086091958,30.16470447268422
991,48,87,15,13.252951340230311,28.935124893844815,48.56187339917008
844,19,53,0,17.126213330985127,18.00424551699344,42.13783306996401
136,21,70,62,18.167794665056363,25.665959659120954,37.9228772772026
379,27,88,20,11.816139677566026,15.318569012642376,46.42685481634257
448,39,84,29,13.709410081577651,29.806646075872965,21.488177250484483
596,48,14,12,19.0194019674915,10.515391975287024,27.711880765676263
401,6,64,33,18.06693519694739,22.070576130022417,33.9510900266273
280,0,75,3,19.84858402762476,23.19011963302654,26.80935618414563
706,31,70,27,17.542482596820808,23.760911141482577,42.31715561906456
198,12,14,94,13.931952010279222,12.40775157578178,47.57624093161176
799,29,20,58,15.906378339946379,28.770595669462608,32.7131035979277
215,22,18,26,16.610142542473202,13.623665581001656,30.263978003356847
290,18,59,68,10.784558163171239,22.45506806479682,48.84652196412699
352,31,92,24,15.444969591038651,14.453521582461699,33.34557298482623
260,29,88,2,17.093208284726096,16.144328340425417,34.6714520134785
355,28,32,96,11.673213040010603,20.929170834562488,30.54949617025716
422,48,48,67,17.80631717425557,18.343868371291528,47.286454190364154
227,44,95,24,15.837727805141117,13.204512019530126,37.06866449845552
117,28,34,19,19.522217856975946,13.418728048416966,42.86523761544934
892,29,43,33,10.424222982068917,18.36289576325599,44.35420155052659
834,15,89,25,12.65326137555467,25.145659565510016,30.255471257517748
665,39,10,4,16.015538792998242,27.95929293695577,33.0108299396114
669,18,98,98,12.965599122059306,11.682553245187657,45.454153232187934
422,17,71,60,17.144241640712423,17.862078151188022,30.89766055027431
971,0,77,91,17.59005282521931,12.004911274457532,43.81805400355554
785,13,73,92,11.025159640664745,10.331849612651958,48.22976967723311
891,46,65,8,15.138544642067677,23.234373652879132,38.69631119204021
725,49,45,49,15.088905555910559,22.048988839331756,42.248818623556666
387,1,8,5,13.69280770215541,13.260382276297724,44.15291936123405
953,27,2,82,19.32924862569672,14.676256661861283,45.35118946689927
762,48,84,59,18.275063198732212,10.474155072890367,31.85160013570388
738,49,25,43,16.97209381909637,26.698944113888075,21.537903775279943
254,29,71,10,17.143266357349976,29.49381192097103,32.056288137102186
589,37,47,65,14.617161438131191,12.709190735893817,40.212686893522694
485,3,65,46,19.209945210965756,14.629504275305962,33.510511573423784
884,0,69,72,16.945954272532852,27.36819047893868,42.46889452581196
203,7,27,84,17.289810616558164,28.529275959123698,30.709472884059917
492,28,92,87,18.61690903787345,18.39254765613621,39.04232423312089
910,38,25,97,12.74071589342191,11.012449445381483,25.592594145619238
345,2,24,85,18.07070903866703,10.787836673856388,42.48108309934871
275,31,11,2,11.952406029564921,21.47899732138021,36.37087906439078
138,9,4,75,13.453419522448879,17.85790217786358,26.12193165639802
576,9,97,91,13.356104542698427,10.57304855155309,28.75733520493422
781,18,47,29,19.785254683891406,21.665047846251134,42.45826125745497
858,45,36,89,18.565372237479266,10.22605073178045,34.47803706984562
637,33,78,20,17.011698615902596,25.747439162985458,26.480943211792166
966,32,43,27,17.2705676161539,16.128656454067432,49.018135711108926
917,22,99,89,15.62072794402571,10.805160060184642,41.45375059450664
507,27,14,61,19.47090667108519,21.767044419663065,48.71404497619388
624,31,42,32,14.962587528823615,17.953688288661095,32.813151360810295
927,49,47,84,13.805177098698945,29.47600826714299,34.25301022075161
605,6,86,34,11.63035336931591,20.883973250074042,46.938656485550574
924,28,69,51,17.86205652261058,15.504783620740167,35.75148020736154
135,7,45,33,17.344439320755914,24.188777292679497,41.21836735717001
784,0,42,40,13.843550385241349,15.429840050854226,27.5651863248659
119,2,20,50,10.251934139592294,28.0848658281513,33.401794061079215
420,23,22,46,18.389973277180108,17.49443941014753,23.703495974310652
875,22,79,81,10.114179834540737,20.997371255524104,26.17940107630885
611,7,46,57,17.03699779629051,11.011462076484577,20.028302458028932
499,46,14,74,19.70257109726057,18.522424759044615,21.177951549459806
753,36,24,56,14.376613281482035,26.6472707932199,49.31851469530788
982,2,35,22,12.349734049959528,26.11297610726684,27.27061085410287
570,32,74,47,17.048710100433816,14.486371177070525,39.89932128512006
242,27,50,21,18.17128142015585,14.521581420211254,45.17299096398835
191,46,14,16,15.464303160778474,26.346106244264735,36.51981377709693
453,7,67,68,19.670352752561463,28.60796840338651,24.594335002518687
933,33,20,10,10.51668721657961,11.907218425460071,41.84349312008499
899,34,12,93,15.04795598304528,19.001172788524507,38.00754230298749
826,31,85,14,17.1845394732255,16.74908557928458,41.93751768042125
953,23,18,90,18.626404711491787,27.413769109148788,43.09239868571262
150,13,33,34,11.7925561190779,11.670498293600374,49.26231103054235
764,31,77,32,18.000034817636816,14.222518851160748,37.2068984008013
797,45,67,83,15.527070757185452,25.049366751729885,30.249233380718053
674,42,51,15,13.965536819899633,11.02587697962431,39.45393670700712
289,15,26,33,11.317150285790936,19.850707614285785,22.053221277278784
224,3,28,65,18.652957589089127,18.842140693594402,46.92191954964759
249,36,27,98,11.572732081797154,16.688023579774974,23.581430340145904
413,20,34,39,13.097878592090993,17.891446306378477,29.835285136574548
669,13,7,27,12.900455319624369,20.59881173860466,44.47236141878363
441,30,15,46,18.714140341908543,13.227347167767663,37.919371349921356
404,47,35,38,16.72702994208898,21.439917565671855,31.809065608323262
791,17,29,69,17.966813971913723,26.108646585999725,34.20306978125064
781,6,17,72,12.50467898792499,25.20321859580318,45.636421796065406
937,9,1,19,16.24874099606999,13.077998093875474,30.200131581796764
882,6,48,0,15.717459831437488,12.984989394829478,46.08949054436514
153,32,76,71,18.32830376788271,15.363487354898266,22.644032929300746
543,22,3,86,19.060870604812607,17.221494526820745,43.303953116258924
712,20,89,62,10.121567714773867,18.169111628169652,45.42642899164209
363,18,88,66,16.740199190587926,23.593944336666905,25.454529585120163
152,47,93,3,10.51835799119729,11.133608643316709,32.91039597116601
671,18,74,57,15.48858665077356,10.693454084521328,24.964993239909667
719,35,6,24,12.876327290436782,17.838211258878182,41.19812386982653
104,28,94,46,13.067765995221412,23.94327384275961,36.060433041849706
202,17,73,37,13.529585034523565,13.868706859129652,39.05970040124963
295,1,38,14,16.2129244904961,22.830089625125034,25.894609008686334
873,0,12,62,13.340499656687692,15.196562758805989,26.352375861572586
976,46,30,20,17.326990505902806,27.721722176270326,21.24491976529719
983,4,70,98,14.045273855738696,27.91379888533233,29.66202605587189
449,19,62,56,10.683532003099586,15.94574408562653,36.79233984001025
146,10,55,52,17.837598424841072,14.59987507926481,45.738047419919866
966,41,41,45,12.85758324592706,18.226079441324625,40.00782342376042
922,1,60,13,14.327668795992626,14.810631703602974,33.06188970199254
919,2,41,99,16.854438832219017,23.447676865834072,48.593603431824135
755,22,55,75,13.32456157148712,26.52129369096571,41.57735601727495
368,11,35,16,10.565856561467156,23.46184261822434,47.9049560858765
469,19,83,38,13.739210470128135,26.48700894498699,35.827639198164974
735,4,67,8,19.444485826943033,17.939843244149483,27.76712824379419
205,36,6,98,16.41734397298558,13.126339414177217,21.58480059094166
769,37,53,76,16.71479148667207,24.759018947951844,41.782545544515514
758,29,0,78,16.3228215363764,17.209490102831076,23.639089940166023
756,8,43,81,11.989921389594368,23.42541650458265,29.083253848159018
219,33,44,96,14.1833386410228,15.412878839635313,35.97412723651692
930,43,46,5,17.509397983633182,11.624592696133453,36.93249763339243
886,34,12,90,11.013728975531592,29.851635909755267,38.017495909614084
703,21,21,22,12.778527760897123,13.124030158611985,24.98765991049102
157,43,20,58,12.763191084658537,29.768419879269622,31.392122144649463
445,23,85,90,14.32018927594506,29.545598651328945,38.515826813509
840,16,91,97,19.80368740942185,25.876362078160792,49.09456593901354
573,9,8,45,10.67502546683822,23.18845924163995,41.82893413099066
216,29,25,37,15.18700994380595,21.556141005021694,47.67811271281873
929,45,8,13,11.793646820122104,27.322030907556695,42.86636174942531
890,22,14,99,19.706765454097443,15.788790432389758,37.751509066772016
226,31,9,71,11.133035047274642,19.35362424969754,25.760701074090335
492,16,87,61,14.036010023615912,22.387799387330038,40.00056955677539
740,49,41,34,17.37884984834606,18.22380951738982,38.70138697879722
157,16,71,18,17.045544280274452,18.54972908180536,38.074075113717996
733,13,23,29,14.227286368939323,16.60569335004169,34.693576039647226
612,8,79,77,13.465241679527182,21.28463633369072,35.85969811967827
850,39,48,83,13.976123785528706,27.01149056030232,30.03327581354312
901,1,25,24,12.642762631586393,14.030567560126258,35.579380779269094
195,44,90,39,12.053329387067997,28.68866077506883,25.926677170354345
737,24,36,87,14.8303969755889,23.78175307496459,44.1552319208113
217,38,67,13,12.685337560676073,26.465464253600604,25.573308640961233
659,8,49,25,12.874616648972502,21.123813852600232,22.548988696683992
700,21,23,86,16.56756063474557,25.59033402848127,33.08738079071472
587,42,18,21,19.68537331699892,10.324007946789344,39.749223185181854
336,45,99,47,16.03637200559375,26.367608495590705,33.13150474800624
984,3,59,82,10.769794670649663,10.80277718170733,28.302623958539257
996,25,38,50,10.755836138540669,27.79826752725725,36.74513551671322
371,28,73,2,19.51423220845566,29.839254944772865,30.410070062365996
288,44,88,41,12.972907903073336,15.881349243535556,47.98603070379899
803,33,17,18,10.920669860824754,14.206371125715872,47.67935418810716
546,22,18,72,15.990445871503816,25.307267277160815,35.07115459916287
680,36,35,27,16.23648778290266,15.060526818405064,29.836519820547757
889,10,73,83,16.48504820118688,27.31124766344407,42.11397241869918
960,5,96,44,12.674020278575412,12.056851843149534,21.101388304491998
346,17,54,70,10.15110684214475,12.519103927587166,34.243070181309534
175,20,68,77,19.65015369454472,29.583031102012313,30.089701828110005
253,41,46,62,12.508930456911024,23.476777965400093,47.61607655307664
755,35,48,72,16.760262880525474,26.937744488579057,20.360090818180478
534,40,98,18,17.066298698787094,16.48658754703036,36.584446271550476
185,37,97,46,16.100074170794855,23.52967499041209,42.21990743199878
796,33,32,13,13.129073942136483,21.884836546171943,34.550539625721235
384,16,20,37,12.710962537640658,22.06300240245894,22.56209090488165
319,36,80,52,15.97668282702703,23.650649190754432,49.173841700837066
168,24,21,60,18.660956336116914,21.50718346258197,35.540312941282934
146,37,47,35,19.467337289233956,18.58124738605332,38.42558732957034
193,11,36,39,11.059058044037576,15.518453887610937,27.09829348122522
849,22,14,80,11.5482861259772,25.371626618264038,34.50494255320412
552,41,34,29,19.447362587830796,14.525448600063724,32.87448475874966
303,21,91,8,17.365352283347924,23.847086123088282,22.24687526005951
317,20,70,63,18.82993824829773,14.666656452986533,23.184810606424016
573,26,31,32,12.026326341353432,22.50660339908908,45.12417558856323
531,30,10,51,15.875858711094018,24.941565342580578,27.19459856619771
440,5,9,88,17.011395944174737,14.374277778130784,25.84874814495892
650,26,72,13,16.801118854469728,11.198866017226166,35.14734353750418
711,39,77,74,14.08151690866698,12.619474859883482,43.06241394087539
388,33,76,52,10.153948916913084,22.11993934542051,21.858395557369636
353,11,56,98,15.829260568042631,26.98892812451471,37.304237589147675
833,44,24,58,12.531015391796087,10.899936424708487,23.5763132852172
456,6,1,77,14.502542461428902,24.683025180832924,21.093831524768554
122,9,63,93,19.575810150838173,16.82637291900104,21.582318564866522
861,44,34,40,13.990353176424346,19.570567398390452,45.02492324625324
621,16,6,67,18.398016066644267,28.577190996911312,23.539174508841846
857,25,84,67,11.885406057492512,16.639430094716907,21.35454093236876
936,20,17,91,16.724604980250287,19.30673867878972,33.13699661428737
199,27,66,7,19.770069544389436,10.273648295213622,45.319804158260744
901,45,41,1,11.018931008729368,11.631974400096768,27.87225129467906
279,1,38,85,10.083199422271921,15.17183182269568,32.65137852577749
322,42,40,40,14.335827926326143,10.557044816421488,21.197675976912535
861,0,74,54,10.926254830513672,22.62750652096502,33.47235542404628
758,35,23,15,17.48384349676231,18.52796713603245,37.32839241911401
541,25,59,92,19.14548663848559,20.96290405456044,37.127211612564345
707,28,45,61,14.340209727087588,13.492943717926591,29.972800765230957
868,20,18,47,12.58711642155441,15.918640588732323,29.465995419894064
424,10,67,29,14.344033190066098,23.276489497054502,23.198708568097935
615,39,89,11,17.234478178500012,29.306054472607997,31.003949619388052
115,10,41,34,10.09054161580371,11.008335472044184,22.98484006618894
891,35,31,10,15.894539894846972,27.807686417105323,42.99787834136155
435,48,38,63,16.13291684887379,21.53762402622417,48.98822893244558
858,38,35,49,16.376882468959355,21.278391335112474,49.10223370000121
357,39,96,84,12.420220799808773,20.005570704155208,45.95213298126181
596,34,35,20,17.140527233781267,11.387881718083667,38.023764480188575
995,33,2,68,10.913914863317764,11.797537034723213,41.0259709173164
259,46,72,47,11.992703364668008,22.018240113181722,28.556174080412422
574,23,7,19,18.77470046654482,16.819171428711165,38.923112605178616
951,21,96,66,17.387231507265664,28.34536133155361,33.66948648319632
763,4,69,43,10.137455540113452,18.131810747189444,34.46052019330797
789,32,40,32,12.483762603698002,12.865629174052822,42.73329681125474
774,35,67,72,12.144064829931645,24.29437667004072,28.457550667917552
479,46,12,60,12.708063280369725,15.867068428820197,29.541188350835597
644,19,48,8,12.475597702798865,20.509406147117865,47.7392537338591
790,18,59,67,10.625262957428458,23.9566557101034,21.686728845529167
526,34,1,34,14.589405165968204,28.00528222404141,34.56902895240021
712,42,59,80,17.327334747861652,25.84382389603352,47.384024012235855
367,16,4,97,16.067317247174365,23.527221357454483,38.310890234544715
934,44,43,87,16.7287166859808,23.59266364790287,36.39221222636397
676,42,26,95,10.811491785362392,28.91849288064173,27.492325376880657
516,33,31,64,19.51490710176787,15.91648194993072,30.29826467193345
267,8,20,7,18.384918338430246,10.022241883923748,45.561452474140786
941,25,7,44,18.050903184956628,15.439091187963975,36.776543953053746
142,1,71,86,18.229838050417676,14.35782759253488,35.4422658127034
655,8,49,46,19.327105081327613,23.236691702279963,22.987391406200867
384,8,66,39,15.442539661136976,22.67423199531058,20.480844693653694
496,39,43,75,12.00282017867626,21.869227654094477,48.91055566061147
111,16,57,53,16.16783607852541,10.324868864189074,31.309585018605247
706,0,2,75,17.42881493667939,24.57556108901295,38.09639186298513
401,24,85,45,17.379173933540255,16.47060824970983,22.391452195618548
997,42,69,46,15.214490241668802,23.301119780132623,40.493428571691396
352,39,1,14,10.68458719333578,21.131568570043065,47.97700126117883
598,41,86,18,13.711129384301278,16.854618508558143,37.26995758992259
853,24,43,25,19.207666084633573,12.691525342082155,23.783459671262317
134,38,1,51,15.844489097574261,11.88837795320962,37.451645824204306
826,34,80,92,15.383319432557133,26.63036666224447,42.99041639313957
948,2,34,21,12.688535143821936,28.36795084163116,32.192496097220555
189,49,97,20,13.684489199165789,22.995760935285993,46.39513243824403
875,36,86,50,18.95346089153169,12.068682297209667,39.460488600720936
704,43,29,37,16.664630475268357,18.040544337764814,46.977467548676074
701,43,7,19,17.87387026752333,24.578784002103145,38.70515933742011
517,29,21,28,14.543454230676552,25.596417680201363,23.938639160144728
214,37,43,50,16.30247219456158,12.364372445821772,29.290751333155676
716,33,57,3,12.483836087432074,10.000614376907649,26.053848447573706
295,11,35,54,17.054608302834865,24.2427409176121,47.26479493150587
925,18,68,70,14.276013337033373,17.13192351972411,42.81200201862448
600,36,76,91,14.425455148147456,15.089626632365205,40.29195106730018
725,43,92,27,16.493223245768817,10.257949395790508,29.02898958894865
592,48,30,3,19.362806214689265,20.805988135229995,25.521343161506405
174,16,46,21,10.64006346608621,27.023014708519636,42.69353263966735
512,9,54,75,18.247432373470076,29.15263292545176,34.224738376372386
475,48,79,44,12.92383110412193,21.314899012265784,26.773686564518876
519,46,61,66,14.439194545063778,20.289226554797885,38.498659344958256
828,11,29,85,10.21913328775009,11.701127709784823,21.210015564153558
376,15,54,65,13.01046077834313,20.977456030851997,29.785107623847605
860,23,15,87,15.026312426301304,17.599581579307895,34.05670983773404
775,18,11,33,10.56176077347439,22.142705617671538,24.438750023282175
493,7,16,90,14.91095729383165,17.774526957530934,49.53963432772519
968,30,15,54,19.27110628858427,14.805982469007335,26.272920937688426
556,20,11,0,11.053932181078052,11.89930550456753,23.910593901297965
291,16,7,71,17.644407280755043,16.298368891777915,26.10604621660689
838,22,83,86,14.096710533759927,11.932896685755045,43.07183399479173
788,36,2,37,16.55173714524338,13.53793901647968,32.76516977815528
198,15,15,5,12.602365979852294,29.74672317159092,36.96247819257614
647,5,29,85,11.594922625413583,18.882071138132375,20.63027470959082
195,7,22,24,11.604626142712265,20.63743533010033,21.032939257199438
763,24,91,81,10.704919456431446,27.472370574744307,33.37476649481049
762,17,4,16,11.85646704901243,29.911378009813756,44.49965729604871
289,24,83,60,16.642193849889683,21.654288986893633,46.55716636122696
835,11,64,11,18.816906118435078,26.249476420883433,22.601197027869205
136,14,29,5,18.141256855911617,16.538820486733506,36.15089306303068
879,25,20,89,16.85134309874484,16.11487914894582,47.39689058837811
468,40,83,26,11.104318634111026,18.054074419891204,31.639182631936592
794,44,69,7,12.891874462959498,23.450145253472982,44.886974942851054
624,25,21,82,13.09806875322469,23.643833785101975,24.010869631983084
378,46,81,64,12.499569463976211,16.304788692989014,48.06183469003396
316,31,71,56,15.150056597097231,12.664198482732573,42.54269952593908
966,9,31,92,15.355538148796725,22.64792512931017,48.24003178360705
972,15,32,98,13.568859751711102,12.56651724377529,40.298517006575196
897,6,15,39,13.53789158736436,21.5698501645866,30.90211795998281
372,16,75,13,18.285555979060813,23.86844256112618,48.145435175741675
980,22,37,34,17.892928483196854,24.01222992788903,28.267003289275355
161,25,97,47,13.077958316807457,25.069442213191934,29.965175661851976
695,20,13,83,19.13788443873259,27.45718843131329,41.02425254005221
979,21,35,55,19.52815017002506,19.99917983929577,42.95948898576159
828,6,96,48,13.267425420300409,24.604983790591426,47.882104515474616
441,13,22,12,13.544249487930548,22.383454707316734,26.144072271686284
496,14,65,60,15.056341534219587,13.732798795953652,43.939941056576714
798,6,84,48,19.411208125336735,10.513792897388164,42.156381601908905
118,8,1,45,18.763194331423115,15.690827713538676,21.913836687607937
276,47,90,61,11.025679625835899,18.860674126752386,31.61669423630621
711,7,72,7,13.927307432714162,22.342118888573125,28.48296371180296
495,49,64,42,15.533711897497717,26.999186610064108,29.13471273062091
544,22,74,19,15.0313247255154,13.924914334123313,49.488406386641024
332,28,66,96,11.938630679368927,12.510995797969542,39.283322404397836
175,17,51,89,18.588167711681546,29.26959894948655,41.53028473380499
364,30,61,38,16.769407829968372,12.160891187528142,49.29852911945028
554,29,22,84,18.379083748518035,19.569821402143784,31.316053473729163
895,38,25,48,18.587642793494723,21.711274575866035,44.055205053584174
817,34,67,63,17.483558536657398,20.827488418148764,33.03592889913486
834,17,81,61,14.392106012497173,11.720643140658865,46.0860101544494
483,41,54,53,16.105467550154245,11.140538280072388,25.419726239339095
663,38,5,8,11.603654061197432,12.109668549220714,48.43058531192839
950,16,34,87,16.736454174749078,21.71175367745225,26.563151252326392
605,13,21,36,11.792532557392807,20.886897752686423,29.786615209427946
466,30,42,48,16.939495905101566,14.674815840734885,42.68576702320341
243,23,14,40,12.295981607539687,22.75548283691183,31.8126542469622
984,34,85,16,11.1755130015022,26.401350041112988,38.2463413029934
168,43,59,87,11.652844901429575,10.831579196931875,33.337205032082856
198,44,11,20,10.019921352190703,19.962598870960846,42.27109811269345
495,33,48,50,17.1873961785353,23.786208242053807,26.849937571058327
124,2,41,58,17.32401049058379,15.046238541393741,21.75373961710631
990,36,37,38,15.149333499132595,16.15541810586298,28.997881924191987
568,42,81,54,11.613628010553837,22.272758059787677,34.229259946052906
583,39,44,40,10.835543375106898,27.958705868874738,25.040601565780356
664,25,34,38,10.19128966437287,26.198488406057987,30.64391868969166
250,22,29,12,11.657481769652208,21.66260438199167,31.999490548807056
243,43,87,63,18.908555349831467,24.604434355144985,21.721755310648206
668,38,29,10,12.415368417016818,17.29644940415597,37.499217445526135
138,14,77,18,13.542713272172158,22.819310561975154,46.53030283913863
208,48,5,10,11.053454844813333,19.32363182255114,24.552287388591573
792,3,66,76,12.223613047481702,13.79872272915122,37.93424040204542
141,28,79,45,15.192245707802051,24.034765477545143,39.942176147325384
285,21,6,44,16.077526830956526,21.12929274697644,32.580040412578654
497,24,51,0,12.45352314166211,17.172431639071828,41.0329276209281
322,12,13,39,10.577321592251172,28.226783801572616,32.32194630473036
733,17,72,18,13.910328691273985,10.418682356534665,35.139118639323044
232,32,14,75,12.34203370926334,16.31546302498992,20.220591336632808
262,15,20,71,12.19553923229802,11.137627955552931,40.75160342404067
314,44,34,71,19.598628027134552,25.330546324432543,39.84028036834174
832,41,65,60,16.163004859257242,24.042149082275852,21.152026319790338
334,43,90,11,15.568784431720958,16.62704437472634,31.047503221853994
942,1,1,60,14.157751035233218,23.51325804414146,49.37095522375002
757,34,34,32,14.289443334301442,17.918744523918996,32.6220968770585
850,41,81,44,15.409050038380808,25.125075828448686,35.05836215395525
687,33,77,89,16.964298070361075,19.083673254734123,47.29790474479155
108,29,19,91,17.021460961818295,18.24559455663331,41.51785627597269
173,12,81,68,11.716939077054496,28.694598309766018,37.46210393372671
591,12,9,7,15.00112752076627,15.017581997814005,43.93414044023218
352,17,24,24,14.11958095034102,12.408946799931309,45.930987993679196
329,31,65,90,18.705269662693844,21.690862265189164,33.70664215211801
618,31,24,45,16.314189212183763,29.386436245683576,34.25325094795506
273,34,53,86,15.325040664159818,17.556784274543734,31.581528069555073
752,38,32,29,11.153946421789174,11.24073527257563,49.001184200553816
267,45,35,46,16.056378893234115,16.78610534619135,40.91498762871051
269,28,94,86,11.172039056802333,20.11863308639117,22.49669198624217
492,48,13,48,13.37206575565752,13.238460132644274,45.88878869939055
894,28,64,46,11.428419648143318,23.16204436112984,34.416798225088044
733,43,79,83,16.92073647024369,29.95498778020401,22.062617192674622
293,15,53,81,12.062521138361525,19.034789519628877,36.49151765489933
616,43,51,17,13.91859373188026,17.09457113460425,32.51492836927106
128,46,2,65,18.956747776187786,18.014083336689332,46.33248214587874
264,9,98,67,12.043163833989702,12.302923567904022,26.11983810828162
521,29,40,93,15.07805063958779,27.665472028524476,44.79393828476549
438,24,5,32,14.19271661166022,18.29651311042704,36.73066073556358
747,38,24,35,10.181240410457297,17.745488228496825,21.638309096404072
595,19,12,81,17.927581135728126,23.193805458609486,49.15535903976454
464,4,97,18,10.690459063145997,18.84066841862247,35.378457323096
932,0,7,27,14.742550209769536,22.96466937615692,28.726305626947475
441,29,20,39,15.6067829493895,11.22892580261575,34.08220525967774
599,48,97,83,16.284264566145872,26.27446687444455,45.73573350552467
756,2,67,96,16.886316293078757,28.81007905758805,29.147093731551905
610,44,24,75,12.53272383522715,22.97530772318772,25.78029189460101
426,13,78,14,10.099787766584495,29.091318577176214,23.872137407926445
316,29,67,40,17.23443662354912,13.028646287399265,28.93578195170634
400,49,44,38,15.356565993475787,19.548323789607075,43.401442611201304
231,3,59,1,18.36117703207249,22.036134678908944,34.14879095585785
903,17,11,62,18.213883629006943,21.634732948423732,26.8244481108062
169,36,31,28,18.433261677878832,18.029235581780867,24.985549988292476
351,24,95,73,14.850946599795401,16.761688187325227,29.981884295311374
514,47,91,65,13.336283958368657,12.536480451008376,48.19773118657126
886,0,12,50,17.9155820259137,17.834849011245563,30.29080137770073
544,45,30,74,14.51294113029255,13.253216302109703,49.64372227863906
975,14,77,76,11.834421964034345,24.687313529844367,34.55691367296069
281,8,19,9,18.549740195614746,14.1766187098918,25.374917548704527
266,14,17,13,18.825598767723474,11.171306105690677,46.73420275380528
190,48,92,81,14.6630975614017,21.047322756344684,33.810661194044805
813,23,59,50,10.756997273097875,21.90459465438803,41.290140305135736
957,3,62,72,13.878260899169312,27.43826122561011,49.51134749627455
630,11,5,38,18.035376594626033,21.539632248353637,21.50526050959922
138,36,31,27,19.01774028546229,16.909617074468915,22.900836793627015
225,36,92,2,12.034727424975959,26.06023763052641,41.613702243882685
550,42,42,83,10.669736120252715,20.80557786374842,28.45475009886416
272,5,1,69,18.773504531328385,11.585605692623835,25.529041908502972
752,38,59,26,13.894049389788753,21.317011206264933,21.180856394591885
853,45,22,1,15.417609642675632,28.160370908433247,20.655401359586055
319,23,82,92,19.680658120507587,17.92625250996441,43.23456809359372
737,10,30,37,10.66564727914223,15.926516037996002,24.033002821086498
157,12,4,2,16.483180074520956,12.8693891403604,34.03161847913452
759,33,82,15,10.741054225748671,13.028910438707147,38.17690445538449
575,24,33,93,13.754689284665004,18.655429686836378,32.85055401706539
555,6,9,39,18.03814545193447,21.91359648323059,20.813199570086994
928,3,88,1,14.334722327556344,11.612308103392035,43.50504507763726
994,7,1,80,19.971823539029504,28.791371780503315,20.315396736249603
460,19,10,40,15.590592849466022,25.10267234890392,42.85669683132452
100,28,49,11,13.211621526359535,21.732478365673252,46.79913481364368
486,44,30,34,12.201113259047531,26.568773418779816,32.98519763171517
447,45,55,64,13.505205342861618,11.603735136242266,36.066274192933946
289,9,78,54,13.725332737595508,19.536777554662486,34.309501778529615
604,42,72,44,10.68713677723961,22.601862537233266,31.676258558703164
290,33,86,78,13.695741994267731,26.573058122365786,46.62273606111081
607,25,82,89,14.64238519739225,25.669391200985352,46.818005320099715
468,40,8,84,17.227377522388046,15.541384994267993,30.074490939246036
508,48,98,61,16.56729484721608,28.817603391184086,38.452092620440936
923,2,20,48,17.08765655229154,12.486916828617407,47.80722686437592
216,5,72,94,10.083636818768571,27.502672372423042,48.86175496824055
233,4,27,24,12.176673995805361,29.418804992092372,35.26877121266143
157,4,61,22,16.616842883998565,13.543070464452512,33.5847441585298
655,46,6,23,14.839893681797472,24.441321284075705,28.360829477855773
784,22,79,37,10.053134756683459,10.805710375559968,48.7661561957123
771,48,15,27,18.044946424318223,18.1084565027831,24.28442913418602
272,8,96,20,17.728095732903373,20.32566598395348,37.39488728143175
928,34,3,53,15.484191629935626,21.612904518192682,28.476508025559166
914,19,3,17,10.664633257762722,28.71874496497119,28.3702487104339
248,48,39,35,17.665150495325847,23.445013745883895,32.14905762128565
179,41,16,98,15.837135877313639,19.625559024384742,49.96378807446963
985,34,51,44,17.81959977157959,26.193500725317787,21.648989205194663
312,49,92,72,17.517469923958405,29.01065641908818,37.356254546105944
302,17,51,52,18.03002071957837,10.441322973645818,22.477164741058317
863,16,35,29,15.180080664046248,29.650425445120774,24.63562489971557
328,23,37,59,11.40324518193515,11.722642781273606,33.186888253186964
775,2,49,97,16.711574733796887,26.287735585375227,35.31380394039324
326,31,62,31,16.204737850519706,15.60669505102825,27.76377225093572
758,34,62,66,17.42253187199087,12.643593155077435,29.493713926232488
631,37,61,66,11.698810060507354,18.7971127942767,22.60901060767799
540,12,98,27,11.949751999002892,22.87913158895227,29.096593515327516
501,46,6,43,18.904095172193287,17.6190369004695,48.996753181416324
146,24,26,78,17.49977798452071,11.09130816565398,48.34122145017445
332,8,91,40,19.08228488700323,21.98922279317433,30.046348704109548
404,3,85,62,17.587153211639208,28.048065522213495,37.12561808836285
625,13,13,22,15.97155305990302,17.664307318945035,47.28786173332833
242,36,70,74,16.541327370278736,14.32665555261654,20.185514679226902
514,33,85,47,18.8912792394001,18.851546918656307,44.32050711012776
612,10,4,31,15.788067545119405,10.967254220975617,48.451086583667575
472,40,54,56,16.323913243283876,26.409751689605496,22.739772030006712
665,2,1,99,11.564767160036006,26.526816219003734,24.84343058098763
985,27,61,32,14.739212201161028,21.76000926859257,48.82238908314066
358,28,90,23,17.16397111958099,17.062057778767787,36.126204309210394
755,8,20,38,12.709426983163654,25.99566728891567,20.425899034151712
570,2,78,33,12.02254180524535,21.093740495767342,27.728959962905876
111,24,20,55,13.138268082244156,26.518646171000324,33.49831022806579
429,33,9,27,12.415006279928335,22.629175851660413,40.787267330743035
835,11,86,36,12.149126370363959,25.688109464255945,41.99481134410399
883,41,57,6,14.24850842868087,21.971259864355197,49.862645387763685
457,8,38,67,19.07838513883534,18.282821364313325,28.62533598151277
507,14,4,36,15.070596467387183,29.15891719852275,36.14660305605426
767,39,64,55,11.87920380815323,20.822276497576894,35.99970643578815
472,24,12,64,10.769716693808741,22.101790370810768,32.16935778341713
107,4,84,64,16.961561451379254,14.409752788294984,25.074856815272604
221,10,89,46,13.827987644363878,22.51301578854553,49.323696895515276
447,33,84,19,18.218309465853594,21.432152989658878,45.59951559999758
775,23,52,18,16.5951076864077,13.696767958940498,34.94999084882711
189,14,81,28,17.962414505413683,11.191741947062875,38.097362680520895
747,37,44,73,12.719460394184487,22.087186394295422,26.81783160678987
797,7,31,59,16.92358922461058,25.27384538700641,36.313612111752406
415,4,35,17,12.640619846937188,20.468027418440165,40.84910399364428
277,47,80,91,19.390684794502917,14.535452506392915,35.45501085159766
639,25,98,34,16.363742815333744,23.330439533860698,49.70855511754824
831,17,59,42,13.245118001753422,11.602114532192045,38.340249687431786
968,5,10,94,12.695118622922728,18.83667409603909,31.12921137776507
140,36,62,90,11.909265850716436,13.267335167968405,43.164560828475146
839,47,20,10,16.94640958893728,13.689181021197667,25.113875347449262
803,12,51,48,12.187156129979273,14.045878983164073,31.535474411187998
601,27,54,37,15.953032659274891,17.734141140879558,30.408768511327576
244,4,25,63,12.646350269253574,11.023004112407953,32.954212853233315
300,12,67,68,16.619689447938686,17.955868818581962,43.45339477786179
823,16,33,7,18.149397285405392,20.234148942294016,34.52519096490222
560,49,51,33,17.78025243144653,19.665885699326502,43.82043350797888
831,39,81,47,17.608513309307817,17.65568200806081,37.29466709419597
851,44,98,55,11.87722405692252,26.78293216141505,30.26208303972666
657,31,92,75,10.883849469845186,12.906533848410081,44.29936231050417
646,28,51,64,16.989488284873858,20.11393487562748,27.148690116592746
352,2,28,30,13.683472137943513,11.240828339131086,26.731489393993865
489,39,37,3,14.323462264033473,11.423113577558194,35.13508772164507
693,33,41,49,10.31149092793391,21.477316993541926,27.82547737886267
982,39,20,68,12.595764492750492,21.32036849775642,20.27261104853649
355,26,41,29,10.33676403874464,27.56067025688914,39.44892581896404
808,12,12,87,18.791857726012477,21.157473513201463,35.33281464417194
914,44,63,58,12.433966832185305,29.195820408097003,33.36553443479484
549,32,16,66,15.573371695730081,10.973896967998595,49.00905543854946
109,5,8,74,10.389793206611305,11.960153695614821,37.135975518887406
923,23,40,44,16.66847391305658,10.881317231407628,45.90294733368154
897,18,0,3,13.230273457540939,13.7055370066708,24.183507086154805
341,15,1,25,18.97919186957666,20.82540221883356,37.07619389388283
350,39,59,26,18.881181889340358,22.91144362854856,46.03938880192709
976,27,47,45,13.252906183617478,10.911703158973376,37.49317271839694
104,32,28,63,19.009608956904678,28.919417796911986,41.54042534381004
218,47,96,90,19.961576734987787,26.84330753300762,31.16130703436622
900,40,9,50,18.254156641239483,15.932249643141862,22.773485511112
473,12,57,49,18.44871347755229,11.54375060452936,33.73700885381214
164,42,59,5,12.4900873610909,13.397741464381145,31.834381725165727
245,44,20,58,15.767023988577563,12.538888275099453,46.01180547136842
323,24,27,14,10.672559139673679,12.465675585978937,27.319859070574168
338,41,74,29,10.949179368216697,20.371233773314678,49.00202682605324
276,35,33,41,19.988926120332906,14.916948849868007,48.74414359413488
878,26,7,36,13.26639249425911,17.16279433058289,27.42894929214316
952,37,58,41,17.481839120488463,29.790106667686448,30.441558664319615
381,6,85,34,18.066650530268163,23.686284978506897,46.86667222621655
162,4,71,86,18.58023271007229,28.979613340940027,48.99866662688322
316,42,48,5,19.976282974021565,12.851131100662311,33.30317308508132
953,44,78,67,12.414964852568678,17.642789496651385,29.629911369226935
926,30,16,17,10.403508268596998,21.094636065647087,35.78282039754626
894,22,59,72,14.11191517994586,11.53516123777476,40.63307619097205
788,41,86,28,11.30080669828947,10.083748872559157,28.204235461249393
560,9,87,76,10.22425889162055,23.40868667593835,42.09419523857218
709,31,44,58,13.604268271414862,22.836390336028707,21.549720713439232
204,42,82,46,17.837382510752363,18.215776199992234,21.478834782932495
198,29,68,16,15.661806912250709,19.792881520640652,31.588631154366357
610,38,31,95,13.12777989210354,18.308860011841794,30.604195761821618
484,30,43,21,16.543420054927196,10.480100896897778,29.46899646101457
504,17,64,67,12.320181803088108,16.707432124349246,34.7305928800673
922,35,86,68,10.14381446072085,13.541645107945797,29.62200746934714
617,1,7,36,17.643533864364272,11.968483782027375,25.767737554042757
575,13,76,48,16.23743084864009,29.134408677786997,29.284086472658025
808,12,71,12,17.623026245009598,21.987194500843312,49.247128184307044
962,28,86,33,10.389380166876656,24.573125684732055,32.333402509845456
744,11,42,85,18.37119627830652,16.30727486532235,33.34138330575007
969,38,0,52,16.195262000363034,17.862942589880305,37.2963496985342
870,1,50,86,15.633953507126401,14.73847987793447,49.5002230524268
536,31,23,50,16.246140481145318,11.939313419308494,27.24803829307289
122,12,98,2,18.644332468683643,13.580632748831675,40.43846331597301
664,45,23,41,15.86936506558907,25.950280905929716,41.47954080625172
776,26,16,97,15.809503798881792,23.55091610367552,38.219732503791974
813,48,4,31,19.90679157065766,20.93857751970954,22.657350189099322
557,40,19,50,17.56730167068568,19.50179745733536,40.30616827482729
182,16,20,84,14.422938054511352,28.44868567312249,21.922841331085266
244,39,57,45,17.073970000329275,11.454698955573368,37.88427948649691
184,30,30,20,13.892304716917884,15.612016264758319,42.187435316652284
177,33,99,43,12.28875462483499,16.998757071414282,26.329096718598514
556,23,10,10,15.968518768877594,25.648516244255756,45.24866022628322
977,44,51,67,19.281820981139514,29.850292403239425,20.91061416599013
100,34,14,0,19.291395200154625,14.813410295143061,45.314385909749184
150,47,82,91,13.419052781054903,27.486146682741612,33.80987151928295
784,5,6,62,15.27677466221695,26.612455208635826,26.527638197949337
816,18,27,23,12.116358985698612,14.493147952835333,24.01334434981904
871,29,50,98,19.956311094988834,17.986651603984452,48.599215027471175
545,6,57,12,19.81117907867936,18.193457385850383,22.1799676274347
548,9,4,97,16.495089297074472,29.564413370531167,25.97280259807777
980,40,4,10,18.04414059677473,13.617838027577967,30.43467042299138
587,31,93,99,17.151001612837,25.98315942209564,38.60704546883362
899,33,95,50,15.931582190394682,16.683854283462196,36.34403255828295
133,27,7,16,10.533479969888976,24.61740691552321,23.76930477236942
447,14,63,98,14.54764342552661,18.400220085913258,28.691839512146437
194,29,9,81,16.747863021674107,21.5671952623308,27.162553132580722
171,36,37,85,16.775316138836846,26.652235466522622,26.40628563471024
650,28,95,23,13.731226184223836,26.083311299677682,32.33433009439961
253,21,91,18,19.416919866580308,27.328463670794005,41.120943577749706
349,3,80,36,11.67357032236781,11.19234650689318,26.523587966517077
773,19,94,84,15.003594462155606,23.841011060794898,31.000366391089443
537,31,7,7,16.908839765508226,12.799747534435257,31.72752280523487
217,35,24,27,16.971358058918092,18.31637136036822,49.293695883062306
870,49,72,4,16.486389567688157,20.971768301093768,48.63999070637207
990,3,65,16,12.752882134518602,18.054789694936616,44.00412748256228
405,26,78,35,11.56206568686622,20.392233516060152,27.249767624575554
367,16,49,18,16.35940326826711,29.930526175972382,22.04111942275009
153,11,66,63,15.993021161394378,12.704346274257095,29.507124131618742
335,21,48,90,11.79356010289241,23.509120906728512,28.003836483014926
488,16,35,97,17.051391455705634,17.920019327712303,35.177774004391814
833,9,67,10,14.551719917336564,12.660195978146575,43.33183730203379
862,0,77,53,16.67760591603153,13.174735267486192,45.74968816636574
924,21,40,44,18.373670797701507,28.98546212491234,45.34592256231525
500,25,88,46,11.697284285769232,27.592029934235242,30.790266836692034
723,17,61,11,10.191448679968367,28.140839208300438,40.617030303820485
866,49,9,20,17.79102586395787,29.83065551654773,29.3850259257266
402,13,20,10,16.09697425152616,14.166307800170358,21.82716629705548
306,46,35,91,16.996395696221217,17.108786747281236,41.046957968088265
328,28,11,4,18.381549749886425,23.384380598497334,20.294826577093634
952,11,90,80,18.028109348245003,19.676050797212945,32.275477623754654
677,35,1,55,19.609201469288244,18.36779066756667,29.881378079062273
174,34,12,19,15.359350788521182,17.156224986711862,40.801326155565576
534,11,52,40,14.884956326599053,21.875612638869043,42.98736418281137
202,6,31,45,14.0188719989073,21.51186857280164,29.122839079138515
521,28,94,11,11.536910428442045,13.229156681284802,44.348810433345605
803,10,15,69,15.726072328820225,19.434796750368783,28.81750281514801
863,32,31,16,12.770125243259788,21.069435524196997,33.38979079959684
837,5,31,18,19.213075122129755,21.40573877462781,41.81055581042402
905,46,97,25,15.831908042770976,14.202143858247036,40.78760687674365
405,14,10,47,15.928401805081101,24.845427845045734,49.621054169366005
197,31,9,51,13.549246608770101,10.503981896421394,26.754830726477955
